Workbook

Sheet Sheet1
A1: Cats | B1: Burmese
B2: Manx
B3: Sphynx
B4: Ragdoll
B5: Birman
B6: Ocelot
B7: Minskin
B8: Chausie
B9: LaPerm
B10: Abyssinian

Sheet Sheet2
A1: Dogs | B1: Bulldog
B2: Poodle
B3: Chow Chow
B4: Pomeranian
B5: Dachshund
B6: Havanese
B7: Basenji
B8: Sheltie
B9: Shih-Tzu
B10: Shiba Inu

Sheet Sheet3
A1: Bugs | B1: Ants
B2: Bees
B3: Ladybug
B4: Termite
B5: Flea
B6: Phasmids
B7: EarWig
B8: Lice
B9: Aphid
B10: Mayfly

Sheet Sheet4
A1: Sharks | B1: Whale Shark
B2: Tiger Shark
B3: Bull Shark
B4: Nurse Shark
B5: Hom Shark
B6: Blue Shark
B7: SawShark
B8: CatShark
B9: Dusky Shark
B10: porbeagle

Sheet Sheet5
A1: Turtles | B1: Tortoise
B2: Box Tortoise
B3: Sea Turtle
B4: Chelidae
B5: Bog Turtle
B6: Cooters
B7: Larachelus
B8: Spiny Turtle
B9: Carbonemys
B10: Liaochelys

Sheet Sheet6
A1: Birds | B1: Owls
B2: Blue Jay
B3: Chicken
B4: Cukcoo
B5: Finches
B6: Toucans
B7: Tit
B8: Mallard
B9: Falcon
B10: Herons

Sheet Sheet7
A1: Wolf | B1: Artic wolf
B2: Dingo
B3: Stepple wolf
B4: Cave wol;f
B5: Indian wolf
B6: Tundra wolf
B7: Italian wolf
B8: arabian wolf
B9: Texas wolf
B10: Mexican wolf

Sheet Sheet8
A1: Monkey | B1: Drill
B2: Bald uakari
B3: Gelada
B4: Lesula
B5: Probosci
B6: E tamarin
B7: Macaque
B8: Black howler
B9: Baboon
B10: Chacma

Sheet Sheet10
A1: Eagle | B1: Bald eagle
B2: Ph eagle
B3: Black eagle
B4: wedge eagle
B5: crowned eagle
B6: haast eagle
B7: common buzzard
B8: martial eagle
B9: tawny eagle
B10: little eagle

Sheet Sheet9
A1: Frog | B1: true frog
B2: rain frog
B3: cane toad
B4: kaloula
B5: beelzebufo
B6: pristimantis
B7: pelobates
B8: pipidae
B9: tree frog
B10: goliath frog

Sheet Sheet11
A1: Hawk | B1: black kite
B2: osprey
B3: shikra
B4: red kite
B5: besra
B6: harrier
B7: falcon
B8: gray hawk
B9: kite
B10: buzzard

Sheet Sheet12
A1: Cattle | B1: Brangus
B2: Cachena
B3: senepol
B4: gelbvieh
B5: beefalo
B6: aubrac
B7: horro
B8: retinta
B9: red poll
B10: caracu

Sheet Sheet13
A1: Horse | B1: mustang
B2: haflinger
B3: criollo
B4: konik
B5: percheron
B6: lipizzan
B7: lusitano
B8: falabella
B9: noriker
B10: welsh cob

Sheet Sheet16
C4: Animal Name: | D4: Animal Kind:
C5: dingo | D5: =IF(ISNUMBER(Sheet17!D5),Sheet1!A1, IF(ISNUMBER(Sheet17!D6),Sheet2!A1, IF(ISNUMBER(Sheet17!D7),Sheet3!A1, IF(ISNUMBER(Sheet17!D8),Sheet4!A1, IF(ISNUMBER(Sheet17!D9),Sheet5!A1, IF(ISNUMBER(Sheet17!D10),Sheet6!A1, IF(ISNUMBER(Sheet17!D11),Sheet7!A1, IF(ISNUMBER(Sheet17!D12),Sheet8!A1, IF(ISNUMBER(Sheet17!D13),Sheet9!A1, IF(ISNUMBER(Sheet17!D14),Sheet10!A1, IF(ISNUMBER(Sheet17!D15),Sheet11!A1, IF(ISNUMBER(Sheet17!D16),Sheet12!A1, IF(ISNUMBER(Sheet17!D17),Sheet13!A1, IF(ISNUMBER(Sheet17!D18),Sheet14!A1, IF(ISNUMBER(Sheet17!D19),Sheet15!A1, " "))))))))))))))) -> Wolf

Sheet Sheet14
A1: Goat | B1: Boer goat
B2: saahen
B3: jamnapari
B4: beelal
B5: Nachi
B6: asmari
B7: payoya
B8: bagot
B9: pygora
B10: kamon

Sheet Sheet15
A1: Bear | B1: Panda
B2: Polar bear
B3: Grizzly
B4: Sloth bear
B5: Sun bear
B6: Asian bear
B7: Cave bear
B8: Brown bear
B9: Shortface bear
B10: arctotherium

Sheet Sheet17
D4: Animal Name | E4: Animal kinds
D5: =MATCH(Sheet16!C5,Sheet1!B1:B10,0) -> #N/A | E5: =IF(D5<>"#N/A",Sheet1!A1," ") -> #N/A
D6: =MATCH(Sheet16!C5,Sheet2!B1:B10,0) -> #N/A | E6: =IF(D6<>"#N/A",Sheet2!A1," ") -> #N/A
D7: =MATCH(Sheet16!C5,Sheet3!B1:B10,0) -> #N/A | E7: =IF(D7<>"#N/A",Sheet3!A1," ") -> #N/A
D8: =MATCH(Sheet16!C5,Sheet4!B1:B10,0) -> #N/A | E8: =IF(D8<>"#N/A",Sheet4!A1," ") -> #N/A
D9: =MATCH(Sheet16!C5,Sheet5!B1:B10,0) -> #N/A | E9: {=IF(D9<>"#N/A",SHEET='[1]5'!A1," ")} -> #N/A
D10: =MATCH(Sheet16!C5,Sheet6!B1:B10,0) -> #N/A | E10: =IF(D10<>"#N/A",Sheet6!A1," ") -> #N/A
D11: =MATCH(Sheet16!C5,Sheet7!B1:B10,0) -> 2 | E11: =IF(D11<>"#N/A",Sheet7!A1," ") -> Wolf
D12: =MATCH(Sheet16!C5,Sheet8!B1:B10,0) -> #N/A | E12: =IF(D12<>"#N/A",Sheet8!A1," ") -> #N/A
D13: =MATCH(Sheet16!C5,Sheet9!B1:B10,0) -> #N/A | E13: =IF(D13<>"#N/A",Sheet9!A1," ") -> #N/A
D14: =MATCH(Sheet16!C5,Sheet10!B1:B10,0) -> #N/A | E14: =IF(D14<>"#N/A",Sheet10!A1," ") -> #N/A
D15: =MATCH(Sheet16!C5,Sheet11!B1:B10,0) -> #N/A | E15: =IF(D15<>"#N/A",Sheet11!A1," ") -> #N/A
D16: =MATCH(Sheet16!C5,Sheet12!B1:B10,0) -> #N/A | E16: =IF(D16<>"#N/A",Sheet12!A1," ") -> #N/A
D17: =MATCH(Sheet16!C5,Sheet13!B1:B10,0) -> #N/A | E17: =IF(D17<>"#N/A",Sheet13!A1," ") -> #N/A
D18: =MATCH(Sheet16!C5,Sheet14!B1:B10,0) -> #N/A | E18: =IF(D18<>"#N/A",Sheet14!A1," ") -> #N/A
D19: =MATCH(Sheet16!C5,Sheet15!B1:B10,0) -> #N/A | E19: =IF(D19<>"#N/A",Sheet15!A1," ") -> #N/A

Sheet Sheet18
